name,type
铅球,0
泡沫板,0
AD钙奶瓶,0
CD塑料盒,0
KFC纸袋,0
PET塑料瓶,0
PS4,0
PU革,0
USB风扇,0
USB线,0
U盘,0
奥特曼玩具,0
奥特曼卡片,0
背包,0
布包,0
步步高学习机,0
芭比娃娃,0
白炽灯,0
被单,0
杯垫,0
报废车辆,0
饼干盒,0
办公用纸,0
办公桌,0
冰红茶利乐包装,0
笔记本电脑,0
笔记本电源,0
白酒瓶,0
布料,0
玻璃,0
玻璃杯,0
玻璃电子秤,0
玻璃放大镜,0
玻璃锅盖,0
玻璃壶,0
冰淇淋盒,0
玻璃花瓶,0
玻璃蜡烛杯,0
玻璃密封容器,0
玻璃瓶,0
保龄球,0
巴黎水玻璃瓶,0
玻璃碎片,0
玻璃烟灰缸,0
玻璃渣,0
包书纸,0
被套,0
保温杯,0
保温袋,0
保温壶,0
保温瓶,0
布娃娃,0
布鞋,0
不锈钢杯子,0
不锈钢垃圾桶,0
不锈钢勺子,0
变形金刚,0
保鲜膜带齿盒,0
布鞋套,0
百叶窗,0
布艺窗帘,0
报纸,0
被子,0
本子,0
包装盒,0
抱枕,0
包装纸,0
菜刀,0
磁带播放器,0
草稿本,0
窗玻璃,0
炒菜铁锅,0
床垫,0
传单,0
床单,0
充电宝,0
充电器,0
充电热水袋,0
充电线,0
充电 牙刷,0
充电装置,0
吹风机,0
纯牛奶纸盒,0
衬衫,0
除湿机,0
插线板,0
茶叶罐,0
插座,0
茶几,0
磁力贴,0
醋瓶,0
CPU,0
测试卷子,0
磁铁,0
搓衣板,0
传真机,0
刀,0
档案袋,0
电脑机箱,0
电冰箱,0
地板砖,0
电吹风,0
点钞机,0
电磁炉,0
电动保温箱,0
电炖锅,0
电动刮痧板,0
电动卷发棒,0
打底裤,0
电动剃须刀,0
电动玩具,0
电动牙刷,0
电饭煲,0
电话机,0
电锯,0
豆浆机,0
电烤箱,0
滴露瓶,0
电脑,0
电脑包,0
电瓶车防晒垫,0
电瓶,0
刀片,0
打气筒,0
地球仪,0
电容,0
电热水壶,0
电热毯,0
电扇,0
卷筒纸芯,0
杂志,0
簪子,0
洗衣液瓶,0
座椅垫,0
作业本,0
自行车,0
自行车轮胎,0
自行车内胎,0
脏袜子,0
字贴纸,0
钻石,0
足球,0
竹签,0
自拍杆,0
指南针,0
佐料瓶,0
棕榈蜡,0
纸巾盒,0
钻戒,0
纸质印刷品,0
纸质礼品盒,0
纸质卡片,0
榨汁机,0
纸质杯套,0
照相机,0
枕芯,0
纸箱,0
置物架,0
砖头,0
枕头,0
枕套,0
纸塑铝复合包装,0
真皮制品,0
纸牌,0
帐篷,0
真空压缩袋,0
指甲钳,0
指甲刀,0
榨果汁机,0
纸袋子,0
钟表,0
砧板,0
主板,0
纸盒,0
纸板箱,0
桌布,0
纸,0
硬质塑料瓶,0
椰汁瓶,0
硬纸板,0
椅子,0
泳衣,0
隐形眼镜包装盒,0
游戏手柄,0
游戏机,0
牙线盒,0
音响,0
雨鞋,0
音箱,0
油桶,0
雨伞伞面,0
眼霜罐,0
浴室防滑垫,0
钥匙,0
雨伞骨架,0
羽绒服,0
羊皮制品,0
药品说明书,0
椰奶盒,0
椰奶罐,0
羊毛衫,0
羽毛球拍,0
羊毛被,0
泳帽,0
饮料瓶盖,0
饮料瓶,0
饮料利乐包装,0
易拉罐拉环,0
易拉罐盖,0
易拉罐,0
养乐多瓶,0
饮料玻璃瓶,0
哑铃,0
浴帘,0
遥控器,0
亚克力板,0
银戒指,0
瑜伽垫,0
有机玻璃,0
衣架,0
银行账单,0
银行卡,0
牙膏盒,0
鱼竿,0
鱼缸,0
圆规,0
衣服干洗剂瓶,0
衣服吊牌,0
衣服包装袋,0
移动电源,0
腰带,0
硬纸板,0
月饼盒,0
信纸,0
锡纸,0
洗衣液桶,0
香烟壳,0
信用卡,0
洗衣机,0
香烟盒,0
休闲鞋,0
香薰玻璃瓶,0
洗碗机,0
喜糖铁盒子,0
吸铁石,0
小提琴,0
香水瓶,0
洗手液瓶,0
显示屏,0
显示器,0
芯片,0
鲜奶盒,0
吸门器,0
洗面奶瓶,0
小木棍,0
洗脸仪,0
行李箱,0
线路板,0
项链,0
显卡,0
相框,0
橡胶玩具,0
橡胶拖鞋,0
香精瓶,0
洗洁精瓶,0
鞋盒,0
洗发水瓶,0
洗发露瓶,0
消费卡,0
雪弗板,0
信封,0
洗涤液瓶,0
消毒液瓶,0
鞋带,0
鞋垫,0
宣传单,0
香槟瓶,0
雪碧瓶,0
星巴克纸袋,0
星巴克杯托,0
雪碧罐,0
蚊帐,0
袜子,0
望远镜,0
无线充电器,0
网线,0
维他奶包装,0
卫生纸内芯,0
瓦斯罐,0
钨丝灯,0
无人机,0
味全果汁瓶,0
网卡,0
玩具塑料盒,0
玩具塑料包装纸盒,0
玩具枪,0
文件夹,0
玩具盒,0
文件柜,0
五金材料,0
围巾,0
无纺布手提袋,0
无纺布袋,0
无纺布包,0
无纺布,0
午餐肉罐头,0
未被污染的输液瓶,0
未被污染的输液袋,0
微波炉,0
铁制品,0
铜制品,0
体重秤,0
投影仪,0
铁衣架,0
烫衣板,0
躺椅,0
剃须刀片,0
剃须刀,0
拖线板,0
童鞋,0
铜线,0
铁调羹,0
藤条,0
铁丝,0
铜丝,0
脱排油烟机,0
铁皮罐头,0
铁皮盖,0
台历,0
太空望远镜,0
铁盒子,0
弹簧,0
铁盒,0
铁罐子,0
糖果盒,0
糖果罐,0
铁钩,0
铁管,0
铜管,0
台灯,0
铁钉,0
拖把桶,0
台布,0
碎纸,0
食品罐头,0
酸奶瓶,0
酸奶盒,0
酸奶玻璃瓶,0
酸奶杯,0
扫描仪,0
塑料桌布,0
塑料纸,0
塑料饮料杯,0
塑料衣架,0
塑料文件袋,0
塑料玩具车,0
塑料玩具,0
塑料碗,0
塑料调色盘,0
塑料拖把杆,0
塑料桶,0
塑料酸奶盒,0
塑料梳子,0
塑料收纳盒,0
塑料沙漏,0
塑料水管,0
塑料日用品,0
塑料瓶瓶盖,0
塑料泡沫,0
塑料瓶盖,0
塑料盆,0
塑料模型,0
塑料米袋,0
塑料膜,0
塑料晾衣杆,0
塑料晾衣架,0
塑料垃圾桶,0
塑料壳,0
塑料假花,0
塑料架,0
塑料花盆,0
塑料盒,0
塑料管道,0
塑料锅铲,0
塑料饭盒,0
塑料餐具,0
塑料储物箱,0
塑料尺,0
塑料包装纸盒,0
塑料包装,0
塑料杯套,0
塑料标签,0
塑料杯,0
三极管,0
手镯,0
绳子,0
食用油桶,0
食用油玻璃瓶,0
收音机,0
摄像头,0
纱线手套,0
神仙水瓶,0
首饰盒,0
烧水壶,0
食品罐头,0
蛇皮袋,0
食品保鲜盒,0
水泥砖,0
说明书,0
水龙头,0
沙拉酱瓶,0
手链,0
漱口水瓶,0
手机支撑架,0
数据线,0
手机屏,0
手机充电器,0
手机充电宝,0
水晶板,0
手机,0
试卷,0
书架,0
水果刀,0
爽肤水瓶,0
手风琴,0
水槽过滤网,0
手办,0
手电筒,0
手表,0
书本,0
书包,0
水果网套,0
塑复钢管,0
沙发,0
速冻食品保温袋,0
扫地机器人,0
扫地机,0
丝带,0
丝绸,0
碎玻璃制品,0
碎玻璃片,0
鼠标,0
人造革,0
乳液瓶,0
乳液罐,0
软桶,0
软塑料隔热垫,0
热水瓶胆,0
热水瓶,0
柔顺剂瓶,0
热水袋,0
燃气灶,0
日历,0
软玻璃,0
球鞋,0
其他金属制品,0
其他玻璃制品,0
青铜,0
汽水瓶,0
曲奇铁罐,0
电水壶,0
气泡缓冲材料,0
球拍,0
秋裤,0
清洁剂瓶,0
气垫梳,0
起钉器,0
汽车模型,0
铅笔盒,0
皮质钱包,0
皮鞋,0
皮箱,0
皮球,0
排球,0
乒乓球拍,0
拍拍净瓶罐,0
泡沫箱,0
泡沫塑料,0
泡沫保温箱,0
泡沫板,0
皮料,0
啤酒瓶,0
啤酒罐,0
皮具,0
皮夹,0
喷火枪,0
苹果耳机,0
皮革,0
平底锅,0
皮带,0
皮草制品,0
皮尺,0
排插,0
跑步机,0
平板玻璃,0
皮包,0
牛仔裤,0
闹钟,0
暖水瓶,0
牛皮纸袋,0
牛皮纸,0
牛奶塑料瓶,0
牛奶瓶,0
牛奶盒,0
尼龙袋,0
闹铃,0
暖壶胆,0
奶粉桶,0
奶粉罐铝盖,0
奶粉罐,0
内存条,0
内存卡,0
墨汁瓶,0
木质玩具,0
木质拖把杆,0
木质拼板,0
木质猫爬架,0
木质花架,0
木质锅铲,0
麻油瓶,0
沐浴露瓶,0
木椅,0
毛线,0
棉拖鞋,0
马桶盖,0
木条,0
毛毯,0
木头,0
墨水瓶,0
面霜瓶,0
木梳,0
木勺,0
毛绒玩具,0
棉签盒,0
煤气罐,0
毛皮,0
名片,0
美年达饮料瓶,0
蜜蜡,0
木筷,0
蜜饯塑料罐,0
木积木,0
木盒子,0
灭火器,0
棉花被,0
美工刀,0
木棍,0
美肤仪,0
脉动饮料瓶,0
麦当劳纸袋,0
麦当劳咖啡杯杯盖,0
木凳,0
木棒,0
木板,0
棉布,0
幕布,0
棉被,0
密胺餐具,0
铝制品,0
蜡烛,0
连衣裙,0
路由器,0
晾衣架,0
蓝牙耳机,0
旅行箱,0
练习册,0
凉鞋,0
榔头,0
轮胎,0
铝塑复合管,0
螺丝钉,0
螺丝刀,0
螺丝,0
篮球,0
脸盆,0
脸摩仪,0
铝膜,0
乐扣塑料盒,0
乐扣,0
乐扣玻璃盒,0
垃圾桶,0
料酒瓶,0
领结,0
拉杆箱,0
乐高玩具,0
蓝罐曲奇盒,0
老干妈瓶子,0
铝盖,0
螺钉,0
铃铛,0
绿茶包装盒,0
铝箔纸,0
溜冰鞋,0
铝箔袋,0
靠枕,0
卡纸,0
裤子,0
口香糖塑料盒,0
矿泉水桶,0
矿泉水瓶,0
矿泉水瓶盖,0
空气净化器过滤网,0
可乐瓶盖,0
可乐瓶,0
可乐罐,0
可口可乐瓶,0
Kindle,0
抗光屏,0
开关,0
咖啡隔热纸,0
咖啡杯套,0
快递纸箱,0
快递纸袋,0
肯德基纸袋,0
肯德基豆浆杯盖,0
空调机,0
快递盒,0
靠垫,0
课本,0
卷纸芯,0
旧枕头,0
卷纸内芯,0
旧纸袋,0
金子,0
酱油瓶,0
旧瑜伽垫,0
旧衣服,0
旧鞋子,0
金项链,0
旧相机,0
接线板,0
机箱,0
旧玩具,0
卷筒纸内芯,0
旧拖鞋,0
交通卡,0
旧铁锅,0
吉他,0
金属文件柜,0
旧手提包,0
净水器,0
计算器,0
旧塑料篮子,0
金属钥匙扣,0
金属鱼钩,0
金属香炉,0
金属拖把杆,0
健身器材,0
加湿器,0
金属瓶盖,0
金属门吸,0
金属晾衣杆,0
金属零件,0
金手链,0
金属管,0
金属,0
金属盒,0
金属罐,0
旧书包,0
旧锁,0
金器,0
旧跑鞋,0
旧皮鞋,0
脚盆,0
镜片,0
键盘,0
酒瓶,0
节能灯插座,0
旧帽子,0
洁面仪,0
金戒指,0
旧夹子,0
酒精瓶,0
旧剪刀,0
精华玻璃瓶,0
鸡蛋塑料保护壳,0
家电家具,0
机顶盒,0
鸡蛋盒,0
鸡蛋包装盒,0
脚垫,0
剪刀,0
洁厕液瓶,0
酱菜瓶,0
洁厕灵瓶子,0
旧窗帘,0
旧报纸,0
旧布鞋,0
搅拌器,0
旧被单,0
iPad,0
iPhone,0
化妆品瓶,0
化妆水瓶,0
化妆品外包装纸盒,0
化妆品玻璃瓶,0
耗油瓶,0
会员卡,0
华为手机,0
黄桃罐头,0
话筒,0
花洒软管,0
花露水瓶,0
呼啦圈,0
画框,0
红酒瓶,0
合金筷子,0
黄金,0
护发素瓶,0
护肤乳液瓶,0
护肤品瓶,0
护肤品玻璃罐,0
环保袋,0
环保布质垃圾袋,0
滑板,0
黑板,0
海报,0
高压锅,0
购物卡,0
公文包,0
罐头瓶,0
钢琴,0
光驱,0
擀面杖,0
蜂蜜柚子茶玻璃罐,0
过滤网,0
橄榄球,0
干净饮料瓶,0
硅胶玩具,0
果酱瓶,0
钢化膜,0
钢化玻璃,0
广告纸片,0
广告用纸,0
高跟鞋,0
广告单,0
干发帽,0
高尔夫球杆,0
关东煮隔热杯套,0
果冻杯,0
钢尺,0
鼓棒,0
锅,0
复印纸,0
废钥匙,0
复印机,0
风衣,0
废锁头,0
废食用油瓶,0
防晒衣,0
腐乳瓶,0
废弃衣服,0
废弃塑料文具,0
番茄酱瓶,0
蜂蜜罐,0
废旧吸铁石,0
废旧小家电,0
废旧木柴,0
废旧电子产品,0
废电路板,0
翡翠手镯,0
废报纸,0
帆布鞋,0
帆布包,0
二手手机,0
二极管,0
耳环,0
耳钉,0
耳机,0
电子血压仪,0
电子手表,0
电子灭蚊拍,0
电蒸锅,0
电钻,0
电子表,0
钉子,0
垫子,0
电阻,0
打印纸,0
打印机,0
电熨斗,0
电源插头,0
大衣,0
点心盒,0
电线,0
电蚊拍,0
大提琴,0
地铁票,0
蛋挞盒,0
地毯,0
电视机,0
订书机,0
A4纸,0
LED灯(含水银),1
纸药盒,1
止痛膏,1
针筒,1
针头,1
樟脑丸,1
蟑螂药,1
止咳糖浆瓶,1
指甲油瓶子,1
针管,1
中成药,1
痔疮膏,1
医用注射器,1
医用针管,1
医用手套,1
眼药水瓶,1
眼药水,1
医用纱布,1
医用棉签,1
鱼油胶囊,1
药液袋,1
药丸,1
药水玻璃瓶,1
油漆桶,1
油漆笔,1
药品纸盒,1
药片铝塑包装,1
药品包装袋,1
药片包装,1
药剂,1
氧化汞电池,1
药壶,1
荧光灯,1
药膏包装壳,1
药膏,1
一次性注射器,1
药包装,1
药瓶,1
西药,1
相片底片,1
卸甲水,1
卸甲膜,1
硒鼓,1
蓄电池,1
维生素瓶,1
外敷伤药,1
烫伤膏,1
透明塑料药瓶,1
碳粉盒,1
生石灰,1
塑料药瓶,1
塑料药盒,1
松节油,1
手机电池,1
树脂,1
输液瓶,1
伤筋膏药包装,1
伤筋膏药,1
深海鱼油,1
杀虫喷雾,1
杀虫子灌,1
杀虫剂,1
日光灯,1
消毒剂,1
染发剂壳,1
染发剂,1
染发膏,1
铅酸电池,1
泡腾片,1
农药瓶,1
纽扣电池,1
马应龙,1
录像带,1
老鼠药,1
卤素灯,1
雷达瓶子,1
锂电池,1
空药瓶,1
消毒液瓶,1
咳嗽药水瓶,1
咳嗽药片,1
开塞露,1
口服液瓶,1
口服液,1
胶水桶,1
工业胶片,1
胶片,1
眼药膏,1
胶卷底片,1
酒精,1
胶合剂,1
化学剂桶,1
给药器,1
药布,1
指甲油,1
药,1
胶囊药物,1
钙片,1
感冒药,1
光胶片,1
油漆,1
荧光灯管,1
血压计,1
水银温度计,1
药瓶,1
农药,1
镍镉电池,1
矿物油,1
节能灯,1
打印机色带,1
打印机墨盒,1
调色板,1
灯泡,1
达克宁药膏皮,1
达克宁药膏,1
碘酒瓶,1
冻干粉,1
电灯泡,1
除渍剂,1
充电电池,1
玻璃药瓶,1
板蓝根冲剂,1
保健品瓶子,1
保健品,1
笔记本电脑电池,1
安神补脑液瓶,1
X光片,1
染发手套,1
李子核,2
荔枝核,2
荔枝皮,2
栗子壳,2
荔枝壳,2
面饼,2
面包,2
面包屑,2
猫冻干,2
毛豆壳,2
麦当劳炸鸡,2
毛豆皮,2
木耳,2
面粉,2
米饭,2
蘑菇,2
木瓜,2
芒果干,2
芒果核,2
玫瑰花,2
芒果皮,2
木瓜仔,2
麻花,2
猕猴桃,2
猕猴桃皮,2
蜜饯,2
猫粮,2
麻辣烫,2
麻辣香锅残渣,2
麦片,2
猫屎,2
木薯淀粉,2
猫屎咖啡,2
馒头,2
面条,2
奶茶中的珍珠,2
奶粉,2
鸟粪,2
年糕,2
南瓜皮,2
南瓜仔,2
南瓜子壳,2
牛筋,2
奶酪,2
柠檬,2
糯米,2
柠檬皮,2
糯米纸,2
牛排,2
牛肉,2
牛肉干,2
牛蛙,2
牛蛙骨,2
奶油,2
牛油果核,2
牛轧糖,2
藕片,2
皮蛋,2
胖大海,2
皮蛋壳,2
普洱茶,2
排骨,2
平菇,2
苹果,2
苹果核,2
苹果派,2
苹果皮,2
苹果肉,2
蒲公英,2
膨化食品,2
枇杷,2
枇杷核,2
乒乓糯米滋,2
披萨,2
葡萄干,2
葡萄梗,2
蟠桃核,2
葡萄皮,2
葡萄籽,2
螃蟹壳,2
芹菜,2
青菜,2
青豆,2
青椒,2
巧克力,2
巧克力粉,2
巧克力酱,2
荞麦,2
荞麦面,2
曲奇,2
芡实糕,2
青蟹壳,2
奇异果,2
茄子,2
肉骨头,2
肉夹馍,2
肉,2
软糖,2
剩菜剩饭,2
速冻馄饨,2
酸豆角,2
速冻水饺,2
丝瓜,2
笋干,2
死瓜皮,2
碎骨头,2
烧饼,2
扇贝壳,2
扇贝肉,2
蔬菜,2
水草,2
蔬菜残余,2
薯格,2
水果,2
水果干,2
手擀面,2
水果皮,2
水果软核,2
生蚝肉,2
石榴籽,2
生姜,2
熟鸡蛋壳,2
生鸡蛋壳,2
石榴,2
沙拉酱,2
水蜜桃,2
水蜜桃核,2
水蜜桃肉,2
树皮,2
薯片,2
山芋,2
山药,2
山楂,2
山楂干,2
山竹核,2
山楂片,2
笋壳,2
笋皮,2
蒜皮,2
食品添加剂,2
三七粉,2
蒜头,2
食物残渣,2
三文鱼,2
牲畜粪便,2
树叶,2
食用油,2
松子,2
松子壳,2
山竹壳,2
梭子蟹,2
梭子蟹壳,2
糖,2
土豆,2
土豆泥,2
土豆皮,2
糖果,2
铁棍山药,2
铁观音,2
核桃,2
甜芦栗,2
蹄髈,2
甜品,2
桃仁,2
桃子,2
兔子粪便,2
调制海藻面膜,2
桃子皮,2
午餐肉,2
豌豆皮,2
味精,2
乌龙茶,2
乌梅壳,2
蜗牛,2
五香蛋,2
蚊子,2
虾,2
象鼻蚌,2
小葱,2
咸菜,2
西餐糕点,2
咸蛋,2
咸蛋壳,2
香榧子壳,2
香菇,2
西瓜皮,2
香瓜皮,2
西瓜籽,2
香瓜子,2
西瓜子,2
吸管纸质包装,2
鲜花,2
杏核,2
鲜花饼,2
鲜花瓣,2
西葫芦,2
雪花酥,2
西红柿,2
小核桃肉,2
香蕉,2
咸鸡,2
香蕉干,2
香蕉皮,2
虾壳,2
小笼包,2
西兰花,2
西兰花梗,2
小龙虾,2
小龙虾黄,2
小龙虾壳,2
小龙虾肉,2
小龙虾头,2
小米,2
虾米,2
虾皮,2
小排骨,2
虾肉,2
蟹肉,2
杏仁,2
杏仁饼,2
小肉骨头,2
杏仁核,2
向日葵花束,2
仙人球,2
仙人掌,2
虾头,2
喜糖,2
咸鱼,2
薰衣草,2
咸鸭蛋壳,2
杏子核,2
鱼,2
盐,2
鸭脖,2
鱼刺,2
鸭翅,2
洋葱皮,2
鸭蛋壳,2
意大利面,2
油墩子,2
银耳,2
椰果,2
腰果,2
鱼骨头,2
鸭骨头,2
鸭架,2
鱼鳞,2
杨梅,2
燕麦,2
玉米棒,2
杨梅干,2
杨梅核,2
玉米粒,2
玉米猫砂,2
燕麦片,2
玉米塑料袋,2
玉米芯,2
玉米须,2
玉米纤维袋,2
芋艿,2
芋艿皮,2
鱼内脏,2
鸭皮,2
鱼皮花生,2
鸭肉,2
椰肉,2
鱼肉,2
压缩饼干,2
鸭锁骨,2
鸭舌,2
盐水花生,2
盐水花生壳,2
洋山芋,2
盐水鸭,2
鱼饲料,2
鸭腿,2
油条,2
芋头,2
油条,2
鸭头,2
杨桃,2
鱼头,2
樱桃干,2
樱桃梗,2
油桃核,2
樱桃核,2
油桃肉,2
鱼虾,2
鸭下巴,2
银杏果,2
芋圆,2
鱿鱼,2
油烟机油脂,2
鱿鱼丝,2
叶子,2
柚子核,2
鸭爪,2
鸭掌,2
柚子皮,2
杂草,2
早餐谷物,2
枣核,2
粥,2
枣核,2
榨菜,2
中草药,2
中草药材,2
猪肝,2
藏红花,2
炸鸡,2
蟑螂,2
猪肋排,2
芝麻,2
芝麻酱,2
猪扒,2
猪排,2
猪皮,2
猪肉排骨,2
竹笋,2
芝士,2
猪蹄,2
猪蹄骨,2
纸吸管,2
猪小排,2
章鱼,2
章鱼小丸子,2
孜然粉,2
紫薯皮,2
植物枝干,2
中药渣,2
枣子核,2
粽子馅,2
橙子,2
花蛤,2
菜叶,2
鸡蛋饼,2
﻿艾草,2
八宝粥,2
白茶,2
扁豆,2
布丁,2
巴旦木,2
饼干,2
碧根果肉,2
白瓜子,2
包裹着猫屎的猫砂,2
薄荷叶,2
八角,2
北京烤鸭,2
菠萝,2
板栗壳,2
槟榔,2
菠萝密肉,2
菠萝皮,2
爆米花,2
白米虾,2
冰淇淋,2
蚌肉,2
白砂糖,2
白糖,2
百香果壳,2
包子,2
白煮蛋,2
葱,2
草本植物,2
蚕豆,2
蚕豆壳,2
茨菇,2
臭虫,2
臭豆腐,2
炒花生壳,2
炒花生米,2
翅尖,2
车厘子核,2
陈皮,2
面条,2
叉烧,2
叉烧酥,2
茶叶,2
茶叶蛋壳,2
虫,2
虫子,2
橙子皮,2
草莓,2
草莓叶,2
橙皮,2
菜皮,2
宠物粪便,2
宠物饲料,2
粗盐,2
苍蝇,2
葱油饼,2
茶叶渣,2
脆枣,2
茶渣,2
残枝落叶,2
大饼,2
蛋白,2
大白菜,2
大白兔奶糖,2
多宝鱼骨头,2
骨头,2
大葱,2
豆腐,2
豆腐干,2
豆腐猫砂,2
豆干,2
豆杆,2
蛋糕,2
冬瓜,2
冬瓜皮,2
冬瓜籽,2
蛋黄,2
蛋黄酥,2
蛋卷,2
豆浆渣,2
蛋壳,2
德克士炸鸡,2
大米,2
大排,2
多肉植物,2
冬笋壳,2
大蒜皮,2
大蒜叶,2
蛋挞,2
蛋挞皮,2
动物粪便,2
动物内脏,2
动物尸体,2
凋谢的 鲜花,2
鲜花,2
豆芽,2
枣,2
大闸蟹,2
大闸蟹壳,2
海带子壳,2
豆制品,2
鹅骨头,2
阿胶,2
方便面面条,2
面条,2
凤梨皮,2
凤梨酥,2
蜂蜜,2
番茄,2
番茄梗,2
番茄酱,2
番茄沙司,2
废弃食用油,2
废弃调味料,2
废弃植物,2
粉丝,2
番茄皮,2
瓜子,2
锅巴,2
干脆面,2
果冻,2
丁香,2
鸽子粪,2
瓜果,2
干果仁,2
干桂圆壳,2
桂花糕,2
干花生壳,2
果酱,2
莴苣,2
狗粮,2
咖喱粉,2
橄榄核,2
干辣椒,2
干面粉,2
干面条,2
果皮,2
桂皮,2
枸杞,2
过期大米,2
过期巧克力,2
过期食品,2
过期糖,2
过期调味料,2
蛤肉,2
干树叶,2
灌汤包,2
鳜鱼,2
桂圆干,2
桂圆核,2
桂圆壳,2
瓜子壳,2
瓜子皮,2
瓜子仁,2
甘蔗渣,2
花瓣,2
汉堡,2
花草茶渣,2
红肠,2
花茶渣,2
黄豆,2
海胆,2
海带,2
红豆,2
红豆糕,2
海底捞锅底,2
盒饭,2
黄瓜,2
火锅底料,2
黄瓜皮,2
韩国泡菜,2
花蛤肉,2
火锅渣,2
海瓜子壳,2
花卉,2
花甲,2
花椒,2
花甲粉,2
胡椒粉,2
花椒粉,2
火鸡骨头,2
花甲壳,2
黑椒牛排,2
胡萝卜,2
胡萝卜皮,2
火龙果,2
火龙果皮,2
红辣椒,2
话梅,2
哈密瓜,2
哈密瓜籽,2
话梅壳,2
话梅壳,2
话梅肉,2
黄芪,2
花生,2
红薯,2
花生酱,2
红薯皮,2
花生衣,2
山芋皮,2
花生壳,2
海苔,2
火腿肠,2
混沌皮,2
核桃肉,2
棒棒糖,2
河虾,2
海星,2
黄杏核,2
黄油,2
荷叶,2
海藻,2
红枣,2
红枣核,2
姜,2
茭白,2
煎饼,2
煎饼果子,2
茭白皮,2
茭白叶,2
韭菜,2
鸡翅,2
鸡蛋,2
鸡蛋卷,2
鸡蛋壳,2
鸡蛋皮,2
鸡蛋仔,2
菌菇,2
里脊肉,2
鸡脚抓,2
酱料,2
酒酿,2
鸡皮,2
鸡软骨,2
鸡屎,2
金丝皇菊,2
鸡腿,2
姜糖,2
鸡头,2
团结猫砂,2
基围虾,2
鲫鱼,2
甲鱼,2
甲鱼小骨,2
橘子,2
金针菇,2
桔子皮,2
橘子皮,2
饺子皮,2
肯德基炸鸡,2
咖啡伴侣粉,2
咖啡残渣,2
咖啡豆,2
咖啡豆渣,2
咖啡粉,2
宽粉条,2
咖啡渣,2
苦瓜,2
葵花籽,2
葵花籽壳,2
烤鸡,2
可降解垃圾袋,2
可降解吸管,2
枯树叶,2
枯萎花束,2
矿物猫砂,2
开心果,2
烤鸭,2
枯枝,2
梨,2
萝卜干,2
绿豆,2
绿豆糕,2
绿豆沙,2
拉菲草,2
辣椒,2
绿萝,2
榴莲,2
榴莲酥,2
藜麦,2
螺蛳,2
老鼠,2
螺蛳粉,2
烂水果,2
螺蛳肉,2
乐事薯片,2
螺蛳壳,2
辣条,2
龙虾片,2
栗子,2
李子,2
茴香,2
小纸屑,3
卸妆油瓶,3
卸妆纸片,3
眼部精华胶囊,3
盐包装袋,3
牙齿,3
演唱会票,3
一次性便当盒,3
一次性保鲜膜,3
一次性杯子,3
一次性餐盒,3
一次性叉子,3
一次性餐具,3
一次性餐具包装,3
一次性打火机,3
一次性电子烟,3
一次性咖啡纸杯,3
一次性口罩,3
一次性筷子,3
一次性尿布,3
一次性内裤,3
一次性手套,3
一次性塑料杯,3
一次性塑料餐盒,3
一次性塑料袋,3
一次性塑料盘,3
一次性塑料手套,3
一次性塑料勺子,3
一次性塑料调羹,3
一次性塑料鞋套,3
一次性塑料浴帽,3
一次性伞套,3
一次性拖鞋,3
一次性剃须刀片,3
一次性洗脸巾,3
一次性用品,3
一次性纸餐盘,3
一次性纸杯,3
一次性竹筷子,3
烟蒂,3
羊大骨,3
婴儿尿布,3
衣服标签,3
牙膏,3
羊骨,3
荧光笔,3
荧光棒,3
牙膏壳,3
牙膏皮,3
烟盒,3
浴花,3
烟灰,3
烟盒内锡纸,3
油画刷,3
油画颜料软管,3
油画颜料,3
浴巾,3
眼镜,3
泳镜,3
眼镜布,3
眼镜盒,3
眼镜架,3
眼镜框,3
颜料,3
养乐多盖,3
饮料瓶标签,3
腋毛,3
鸭毛,3
眼膜,3
姨妈巾,3
玉米皮,3
羽毛球,3
玉米叶,3
玉米衣,3
印泥,3
雨披,3
牙签,3
椰青壳,3
牙签塑料盒,3
羊肉串棒,3
羊肉骨头,3
烟丝,3
牙刷,3
眼屎,3
浴沙,3
永生花,3
牙刷头,3
砚台,3
牙贴,3
牙套,3
油条包装袋,3
液体胶,3
眼贴膜,3
液体蚊香,3
液体蚊香瓶,3
油污湿巾纸,3
油污纸,3
牙线,3
牙线棒,3
油性笔,3
眼线笔,3
眼线液,3
隐形眼镜,3
隐形眼镜盒,3
隐形眼镜护理液,3
羊蝎子,3
眼影,3
雨衣,3
验孕棒,3
婴幼儿纸尿裤,3
园艺土,3
营养土,3
游泳眼镜,3
油脂,3
胭脂,3
印章,3
圆珠笔,3
圆珠笔芯,3
椰子壳,3
脏玻璃瓶,3
早餐奶包装袋,3
早餐塑料袋,3
猪大骨,3
自动铅笔笔芯,3
珍宝蟹,3
榨菜袋,3
智齿,3
织带,3
纸饭盒,3
自嗨锅,3
装过湿垃圾的塑料袋,3
猪骨头,3
枕巾,3
炸鸡包装袋,3
纸巾袋,3
纸胶带,3
证件塑料壳,3
证件外包装,3
纸咖啡杯,3
蟑螂贴,3
纸皮核桃,3
蒸汽眼罩,3
粘鼠板,3
装塑料的塑料袋,3
竹炭包,3
猪腿骨,3
生物冰袋,3
中性笔,3
中药包,3
中药面膜,3
竹牙签,3
沾有油渍的食品包装袋,3
珍珠奶茶杯,3
竹制品,3
榛子壳,3
纸质外卖盒,3
纸巾,3
纸巾包装袋,3
指甲片,3
砖块,3
脏抹布,3
纸尿裤,3
脏牛奶盒,3
自热包,3
自热火锅加热包,3
紫砂壶,3
注射器,3
足贴,3
渣土,3
织物,3
脏卫生巾,3
砖瓦陶瓷,3
脏污衣物,3
植物硬壳,3
装修废弃物,3
脏卸妆棉,3
粽叶,3
足浴袋,3
中药袋,3
洗衣粉,3
粽子包裹绳,3
纸质包装袋,3
自煮火锅盒,3
脏纸巾,3
脏纸尿裤,3
粽子皮,3
修正带,3
包裹着鼻屎的纸巾,3
吸油纸,3
喝过的奶茶杯子,3
帝王蟹壳,3
卸妆乳瓶,3
锡纸盘,3
卸妆棉,3
卸妆膏,3
香烛,3
宣纸,3
胸针,3
胸罩,3
席子,3
香皂,3
洗衣液包装袋,3
香烟头,3
吸油面纸,3
香烟灰,3
洗衣粉袋,3
香烟,3
香薰球,3
夏威夷果壳,3
吸味剂,3
洗碗布,3
血糖试纸,3
洗头膏,3
胸贴,3
吸湿剂,3
下水道淤泥,3
下水道杂物,3
象棋,3
橡皮屑,3
橡皮泥,3
橡皮筋,3
橡皮擦,3
小票,3
橡皮,3
香囊,3
西梅核,3
修眉刀,3
洗脸巾,3
橡胶制品,3
橡胶手套,3
橡胶,3
绣花针,3
小核桃壳,3
吸管塑料袋,3
雪糕棍,3
雪糕袋,3
雪糕包装袋,3
吸管薄膜,3
雪糕棒,3
吸管,3
洗涤液包装袋,3
消毒棉,3
香袋,3
香肠竹签,3
吸尘器灰尘,3
香肠壳,3
喜茶杯,3
相册,3
星巴克塑料杯,3
星巴克咖啡杯,3
锡箔餐盒,3
纸,3
污渍纸巾,3
五子棋,3
蚊香片,3
蚊香灰,3
文胸,3
蚊香,3
污损纸张,3
卫生纸,3
污损塑料袋,3
碎碗片,3
卫生巾外层薄塑料纸,3
卫生棉条,3
卫生巾,3
卫生卷纸,3
卫生间用纸,3
卫生巾外包装,3
卫生巾包装袋,3
卫生护垫,3
卫生棒,3
污染纸张,3
污染较严重的纸,3
网球,3
瓦片,3
外卖纸盒,3
外卖塑料盒,3
外卖塑料袋,3
外卖盒子,3
外卖饭盒,3
外卖餐具,3
外卖餐盒,3
文件袋,3
乌龟壳,3
文蛤壳,3
贴纸,3
桃子核,3
糖纸,3
坛子,3
太阳眼镜,3
太阳镜,3
脱氧剂,3
脱氧保鲜剂,3
剃须泡沫罐,3
碳性电池,3
拖鞋,3
头屑,3
陶土花瓶,3
脱酸素剂,3
退烧贴,3
头绳,3
头饰,3
退热贴,3
陶器,3
头皮屑,3
陶泥,3
条码纸,3
透明胶,3
脱毛膏,3
透明打包盒,3
兔毛,3
甜芦栗皮,3
田螺壳,3
调料袋,3
调料包,3
太空沙,3
糖浆包,3
糖果皮,3
烫发剂壳,3
头发,3
陶瓷制品,3
陶瓷烟灰缸,3
陶瓷碗碟,3
陶瓷盘子,3
陶瓷类废弃物,3
陶瓷花盆,3
陶瓷花瓶,3
陶瓷杯,3
炭包,3
糖包,3
拖把,3
湿纸巾,3
碎纸屑,3
扫帚,3
树枝,3
碎碗,3
丝袜,3
塑料夹子,3
速溶咖啡包装,3
薯片罐,3
酸奶吸管,3
酸奶勺,3
酸奶袋,3
酸奶杯盖,3
松木猫砂,3
塑料牙签,3
塑料油壶,3
塑料吸管,3
塑料外卖盒,3
塑料糖纸,3
塑料刷子,3
塑料勺,3
塑料垃圾袋,3
塑料咖啡杯,3
湿垃圾袋,3
塑料花,3
塑料盖子,3
塑料挂钩,3
塑料打包盒,3
塑料袋,3
塑料带,3
塑料叉子,3
塑料薄膜,3
塑料笔杆,3
塑料表带,3
烧烤木签,3
湿巾纸,3
三角裤,3
松紧带,3
湿纸箱,3
湿纸巾包装袋,3
湿纸巾包装,3
手指甲,3
扇子,3
收银条,3
湿烟头,3
双眼皮贴,3
使用过的卫生巾,3
使用过的面膜,3
使用过的安全套,3
湿卫生纸,3
身体乳,3
湿头发,3
湿塑料袋,3
爽生粉,3
食品塑料盒,3
食品密封袋,3
薯片盒,3
食品干燥剂,3
薯片袋,3
薯片包装袋,3
食品保鲜袋,3
手帕,3
湿面巾纸,3
双面胶,3
湿毛发,3
沙拉袋,3
烧烤竹签,3
烧烤锡纸,3
手机绳,3
水晶泥,3
水晶猫砂,3
手机膜,3
手机链,3
手机壳,3
水饺包装袋,3
收据,3
湿海绵,3
生蚝壳,3
湿灰尘,3
水果塑料盒,3
水果罐,3
水果包装袋,3
石膏,3
砂锅,3
石锅,3
水粉颜料,3
湿厕纸包装袋,3
湿厕纸,3
纱窗,3
蔬菜包装盒,3
蔬菜包装袋,3
水笔芯,3
鼠标垫,3
水笔笔芯,3
纱布,3
商标,3
腮红,3
丝瓜筋,3
塑料袋,3
盛放厨余果皮的垃圾袋,3
水彩颜料,3
水彩笔,3
水笔,3
扫把,3
热饮杯盖,3
瑞幸咖啡杯,3
日抛,3
热敏纸,3
面膜,3
软木塞,3
肉类包装盒,3
乳胶,3
润肤乳,3
乳垫,3
润唇膏,3
轻质彩泥,3
墙纸,3
签字笔,3
琴弦,3
驱蚊香片,3
驱蚊贴,3
驱蚊手环,3
清扫渣土,3
氢气球,3
气球,3
气泡纸,3
气泡袋,3
气泡垫,3
全棉时代纸巾,3
清凉贴,3
巧克力锡纸,3
巧克力包装袋,3
青口贝,3
清洁抹布,3
去黑头鼻贴,3
墙灰,3
气垫膜,3
气垫BB霜,3
青草膏,3
曲别针,3
铅笔屑,3
铅笔芯,3
铅笔,3
盆子,3
葡萄酒木塞,3
破碎盘子,3
披萨盒,3
膨润土猫砂,3
皮皮虾壳,3
泡泡糖,3
乒乓球,3
泡面桶,3
泡沫盒子,3
泡沫饭盒,3
泡面调料包,3
泡面袋,3
啤酒瓶盖,3
平角裤,3
泡脚袋,3
膨化食品包装袋,3
修正液,3
粘纸,3
牛仔骨,3
奶嘴,3
内衣包装袋,3
内衣,3
牛尾骨,3
黏土,3
泥土,3
粘鼠板,3
牛肉骨头,3
牛肉干包装,3
冰淇淋纸杯,3
牛皮筋,3
牛排包装,3
尿片,3
牛奶袋,3
纳米海绵,3
粘毛滚纸,3
尼龙制品,3
牛肋骨,3
纽扣,3
内裤,3
凝胶,3
牛骨头,3
奶粉勺子,3
牛骨棒,3
牛骨,3
奶茶盖,3
尿垫,3
奶茶纸杯,3
奶茶塑料杯,3
粘尘纸,3
奶茶塑料盖,3
奶茶盖,3
奶茶杯,3
粘冲板,3
暖宝宝贴,3
暖宝宝,3
泥巴,3
木质梳子,3
美妆蛋,3
面纸,3
毛衣针,3
沐浴球,3
魔芋粉包装袋,3
明信片,3
木屑,3
棉线,3
灭蚊片,3
灭蚊灯,3
马桶刷,3
面条包装袋,3
美瞳包装,3
美瞳,3
磨砂膏,3
棉绳,3
摩丝罐,3
麻绳,3
棉柔巾,3
棉签,3
棉球,3
木瓶塞,3
墨囊,3
面膜外层纸,3
面膜包装纸,3
面膜,3
猫毛,3
牡蛎壳,3
猫粮包装袋,3
马克杯,3
马克笔,3
面巾纸包装纸,3
面巾纸,3
马夹袋,3
墨镜,3
棉花球,3
棉花棒,3
棉花,3
猫罐头,3
面粉袋,3
密封袋,3
毛发,3
眉粉,3
魔方,3
麦当劳纸盒,3
麻袋,3
墨胆,3
毛笔写过的纸,3
面包袋,3
抹布,3
眉笔,3
棉棒,3
毛笔,3
蜡烛塑料膜,3
蜡烛包装,3
炉渣,3
蜡烛,3
滤纸,3
晾衣夹,3
冷饮包装纸,3
冷饮棒,3
蜡油,3
冷饮,3
凉席,3
柳絮,3
芦苇叶,3
滤网,3
辣条包装袋,3
乐事薯片盒,3
零食包装袋,3
炼乳壳,3
榴莲壳,3
榴莲核,3
颜料盒,3
乐乐茶杯,3
卤料包,3
拉链,3
垃圾袋,3
老花镜,3
刘海夹,3
滤桂咖啡,3
绿豆包装,3
滤尘袋,3
蜡笔,3
口罩,3
筷子,3
扣子,3
口香糖,3
开心果壳,3
枯萎花草,3
空调滤芯,3
空气清新剂罐,3
口红盒,3
口红,3
咖啡滤纸,3
咖啡胶囊,3
咖啡杯杯盖,3
快递贴纸,3
肯德基番茄酱包装袋,3
快递袋,3
快递单,3
快递包装袋,3
烤串棒,3
快餐盒,3
捆绑带,3
减震泡泡膜,3
脚趾甲,3
胶纸,3
镜子,3
旧牙刷,3
甲鱼壳,3
旧鱼缸,3
酱油袋,3
酱油包装袋,3
假牙,3
碱性电池,3
卷筒纸包装,3
卷筒纸,3
吉他弦,3
胶水,3
旧水槽,3
键盘清洁胶,3
脚皮,3
机票,3
旧内衣,3
胶囊咖啡,3
洁面摩丝,3
旧毛巾,3
睫毛膏,3
芥末包装,3
鸡毛,3
旧口罩,3
旧镜子,3
寄居蟹,3
酒精棉球,3
酒精棉片,3
假睫毛胶水,3
酒精棉花,3
假睫毛,3
净化器滤芯,3
记号笔,3
胶画,3
浆糊,3
坚果壳,3
假发,3
胶带纸,3
胶带,3
卷笔刀,3
胶布,3
胶棒,3
化妆刷,3
化妆棉,3
化妆品瓶盖,3
化妆品密封塑料膜,3
化妆镜,3
徽章,3
胡渣,3
黄油包装纸,3
回形针,3
活性炭,3
胡须,3
核桃壳,3
火腿肠包装纸,3
灰土,3
护手霜,3
烘焙纸,3
花盆,3
花泥,3
坏马桶,3
海绵粉扑,3
海绵蛋,3
海绵,3
荷兰猪毛,3
海螺壳,3
护理垫,3
花篮,3
红酒塞,3
混合猫砂,3
花蛤壳,3
护肤品,3
护发精油,3
海胆壳,3
坏的花盆,3
火车票,3
红茶包,3
火柴,3
灰尘,3
汉堡纸,3
河蚌壳,3
黑板擦,3
红笔,3
画笔,3
硅藻泥,3
干燥剂,3
甘蔗皮,3
塑料拖鞋,3
购物小票,3
防蚊手环,3
购物卡,3
固体清香剂,3
固体胶,3
钢丝球,3
过期口红,3
过期化妆品,3
过期护肤品,3
过期防晒霜,3
光盘,3
狗屎垫,3
碎纸机处理的碎纸,3
鸽毛,3
狗毛,3
蛤蜊壳,3
百洁布,3
过滤袋,3
干净无油食品包装袋,3
硅胶手环,3
硅胶猫砂,3
干花,3
广告塑料,3
干发巾,3
挂耳咖啡,3
关东煮纸杯,3
果冻壳,3
干电池（无汞）,3
果冻包装袋,3
光碟包,3
光碟,3
干草包装袋,3
干草,3
干冰袋,3
钢笔,3
干冰,3
防震膜,3
废纸,3
肥皂,3
防油纸,3
风油精瓶,3
风油精,3
复写纸,3
封箱带,3
防蚊贴,3
饭团包装,3
防碎气泡膜,3
防晒霜,3
防晒喷雾,3
沸石猫砂,3
发饰,3
发热包,3
废弃食品袋,3
番茄酱包装袋,3
废弃的纸张,3
发卡,3
发泡网,3
发票,3
粉扑,3
防霉防蛀片,3
肥料,3
发蜡,3
飞机杯,3
发胶,3
发夹,3
发箍,3
防腐剂,3
粉底液,3
发带,3
粉底,3
废瓷砖,3
防潮袋,3
粉尘,3
方便面调味料,3
方便面桶,3
方便面盒,3
方便面叉子,3
方便面包装袋,3
粉饼盒,3
粉饼,3
粉笔,3
耳屎,3
耳塞,3
电子烟烟弹,3
带有婴儿粪便的纸尿裤,3
带有婴儿粪便的尿不湿,3
电影票,3
带油抹布,3
电蚊香夜瓶,3
电蚊香片,3
动物毛,3
大头针,3
订书针,3
订书钉机,3
订书钉,3
袋泡茶,3
碟片,3
吊牌,3
大米袋,3
逗猫棒,3
大龙虾头,3
大龙虾壳,3
滴漏式咖啡,3
大块骨头,3
带胶制品,3
碘酒棉球,3
豆浆袋,3
豆浆杯盖,3
豆浆杯,3
蛋黄酥包装盒,3
登机牌,3
电话卡,3
打火机,3
蛋糕盒,3
冻干粉面膜,3
蛋糕袋,3
豆腐盒,3
电动牙刷刷头,3
痘痘贴,3
稻草,3
地板蜡,3
打包盒,3
蛏子壳,3
搓澡巾,3
彩妆,3
草纸,3
餐饮外卖盒,3
测血糖计,3
测血糖试纸,3
草席,3
宠物毛,3
擦碗布,3
瓷碎片,3
擦手纸,3
擦手巾,3
仓鼠垫沙,3
瓷勺,3
瓷器碎片,3
彩泥,3
草木灰,3
创口贴,3
瓷酒瓶,3
抽纸塑料袋,3
茶叶包,3
唇釉,3
宠物饲料包装袋,3
宠物屎垫,3
超市塑料袋,3
除湿剂,3
除湿盒,3
长寿果壳,3
除湿袋,3
除湿包,3
成人用品,3
菖蒲叶,3
车票,3
唱片,3
储奶袋,3
茶壶,3
厨房纸巾,3
厨房用纸,3
厨房手套,3
成分复杂的制品,3
串串竹签,3
串串纸杯,3
尺,3
草稿纸,3
擦过鼻涕的纸巾,3
磁带,3
醋袋,3
醋包,3
彩笔,3
菜板,3
茶包,3
编织袋,3
别针,3
壁纸,3
便纸,3
爆竹,3
杯子,3
被油污污染过的报纸,3
避孕套包装盒,3
避孕套包装,3
避孕套,3
鲍鱼壳,3
丙烯颜料,3
冰箱贴,3
保鲜膜,3
保鲜袋,3
保鲜冰袋,3
被污染的垃圾袋,3
鼻涕纸,3
便条贴,3
冰贴,3
鼻贴,3
保湿喷雾,3
必胜客纸盒,3
鼻屎,3
滤芯,3
标签纸,3
便签纸,3
冰淇淋纸,3
冰淇淋包装袋,3
标签,3
鞭炮,3
鼻毛,3
便利贴,3
菠萝蜜核,3
保冷剂,3
玻璃胶,3
贝壳,3
笔壳,3
包裹着西瓜籽的纸巾,3
包裹着痰的纸巾,3
包裹着猫屎的塑料袋,3
包裹着猫屎的膨润土猫砂,3
包裹着口香糖的纸巾,3
包裹着鸡蛋壳的餐巾纸,3
包裹着鼻涕的纸巾,3
包裹着狗屎的纸巾,3
包裹着狗屎的塑料袋,3
包裹着狗屎的报纸,3
不干胶带,3
碧根果壳,3
饼干袋,3
饼干包装袋,3
棒骨,3
笔袋,3
冰袋,3
冰棒外包装,3
棒棒糖棒子,3
冰宝贴,3
冰棒皮,3
冰棒棍,3
棒冰棍,3
白板擦,3
棒冰包装袋,3
白板笔,3
安全套,3
安全套包装袋,3
艾灸渣,3
艾灸贴,3
艾草灰,3
PH试纸,3
N次贴,3
KFC纸盒,3
KFC食物包装,3
DVD,3
CD,3
A4纸包装袋,3
84消毒液瓶,3
7号电池（无汞）,3
5号电池（无汞）,3
502胶水,3
1号电池（无汞）,3
呕吐物纸巾,3